RSample,R
1,0.030872677
2,0.013096366
3,0.271269349
5,0.029704884
6,0.141627842
7,0.109564601
9,0.172226377
10,0.073719516
11,0.197284198
12,0.09754899
14,0.090674759
16,8.246545686
17,7.100312714
18,0.020965664
19,0.038698077
20,0.049358671
21,0.019956804
